type,id,x,y,z,value
SENSE,0,1,1,1,36.78794411714422
SENSE,1,1,2,1,36.78794411714422
SENSE,2,2,1,1,36.78794411714422
SENSE,3,2,2,1,36.78794411714422
BASE,0,0,0,0,0
BASE,1,3,0,0,0
BASE,2,0,3,0,0
BASE,3,3,3,0,0
