type,id,x,y,z,value
SENSE,0,1,1,1,36.78794411714422
SENSE,1,1,2,1,60.653065971263345
SENSE,2,1,3,1,36.78794411714422
SENSE,3,2,1,1,60.653065971263345
SENSE,4,2,2,1,100.0
SENSE,5,2,3,1,60.653065971263345
SENSE,6,3,1,1,36.78794411714422
SENSE,7,3,2,1,60.653065971263345
SENSE,8,3,3,1,36.78794411714422
BASE,0,0,0,0,0
BASE,1,4,0,0,0
BASE,2,0,4,0,0
BASE,3,4,4,0,0
